{
    "tenure": {
        "mean": 32.562311111111114,
        "std": 24.54242128921827
    },
    "monthlycharges": {
        "mean": 64.99931555555555,
        "std": 30.108641816452838
    },
    "totalcharges": {
        "mean": 2301.83952,
        "std": 2275.5860843486544
    }
}